{"cameraMode":{"drawMode":0,"name":"Shaded","section":"Shading Mode"},"sceneLighting":true,"audioPlay":false,"sceneViewState":{"m_AlwaysRefresh":false,"showFog":true,"showSkybox":true,"showFlares":true,"showImageEffects":true,"showParticleSystems":true,"showVisualEffectGraphs":true,"m_FxEnabled":true},"in2DMode":false,"pivot":{"x":-4.891889572143555,"y":5.870234966278076,"z":-40.97145080566406},"rotation":{"x":0.000013952841982245445,"y":-1.0000206232070923,"z":-0.005989556200802326,"w":0.0023298412561416628},"size":24.855937957763673,"orthographic":false}